{
  "generated_at": "2026-02-15T16:00:02.834502+00:00",
  "week": "2026-W07",
  "year": 2026,
  "week_number": 7,
  "assets": {
    "BTC": {
      "label": "Bitcoin",
      "model_assumption_hourly": 0.005,
      "realized_7d": {
        "volatility_hourly": 0.0029588293939432674,
        "volatility_annual_pct": 27.693125737332924,
        "candles_used": 5,
        "comparison": {
          "realized": 0.0029588293939432674,
          "model": 0.005,
          "ratio": 0.5917658787886535,
          "deviation_pct": 40.82341212113465,
          "status": "DIVERGENT",
          "direction": "LOWER"
        }
      },
      "realized_30d": {
        "period_requested_days": 30,
        "period_actual_days": 28.0,
        "candle_interval_hours": 96,
        "candles_used": 7,
        "returns_calculated": 6,
        "volatility_candle": 0.03166030433582844,
        "volatility_hourly": 0.003231316280166898,
        "volatility_annual": 0.30243463251693176,
        "mean_return": -0.05614947441732212,
        "comparison": {
          "realized": 0.003231316280166898,
          "model": 0.005,
          "ratio": 0.6462632560333796,
          "deviation_pct": 35.37367439666204,
          "status": "DIVERGENT",
          "direction": "LOWER"
        }
      }
    },
    "ETH": {
      "label": "Ethereum",
      "model_assumption_hourly": 0.007,
      "realized_7d": {
        "volatility_hourly": 0.005372186371542323,
        "volatility_annual_pct": 50.280909394791706,
        "candles_used": 5,
        "comparison": {
          "realized": 0.005372186371542323,
          "model": 0.007,
          "ratio": 0.7674551959346175,
          "deviation_pct": 23.254480406538246,
          "status": "DIVERGENT",
          "direction": "LOWER"
        }
      },
      "realized_30d": {
        "period_requested_days": 30,
        "period_actual_days": 28.0,
        "candle_interval_hours": 96,
        "candles_used": 7,
        "returns_calculated": 6,
        "volatility_candle": 0.05618977154453296,
        "volatility_hourly": 0.00573484454365265,
        "volatility_annual": 0.5367520390209953,
        "mean_return": -0.08779425225273361,
        "comparison": {
          "realized": 0.00573484454365265,
          "model": 0.007,
          "ratio": 0.8192635062360929,
          "deviation_pct": 18.073649376390712,
          "status": "MATCH",
          "direction": "LOWER"
        }
      }
    }
  },
  "summary": {
    "total_assets": 2,
    "divergent_assets": [
      {
        "asset": "BTC",
        "deviation_pct": 40.82341212113465,
        "direction": "LOWER"
      },
      {
        "asset": "ETH",
        "deviation_pct": 23.254480406538246,
        "direction": "LOWER"
      }
    ],
    "alerts_triggered": 2
  },
  "recommendations": [
    "\u26a0\ufe0f BTC: Realized vol 40.8% LOWER than model. Model may be too conservative - consider tightening assumptions.",
    "\u26a0\ufe0f ETH: Realized vol 23.3% LOWER than model. Model may be too conservative - consider tightening assumptions."
  ]
}