{"text": " Anche Calci deve lavorare, Calci pure la notte non funziona, dai mi stai prendendo per il culo, mannaggia a te pezzo di merda.", "segments": [{"id": 0, "seek": 0, "start": 0.0, "end": 5.5600000000000005, "text": " Anche Calci deve lavorare, Calci pure la notte non funziona, dai mi stai prendendo", "tokens": [50364, 1107, 1876, 3511, 537, 17761, 29241, 543, 11, 3511, 537, 6075, 635, 406, 975, 2107, 49345, 21758, 11, 38586, 2752, 342, 1301, 9866, 3999, 50642], "temperature": 0.0, "avg_logprob": -0.2589686020560887, "compression_ratio": 1.2352941176470589, "no_speech_prob": 0.07889072597026825}, {"id": 1, "seek": 0, "start": 5.5600000000000005, "end": 7.84, "text": " per il culo, mannaggia a te pezzo di merda.", "tokens": [50642, 680, 1930, 11021, 78, 11, 587, 77, 559, 40550, 257, 535, 520, 35130, 1026, 3551, 2675, 13, 50756], "temperature": 0.0, "avg_logprob": -0.2589686020560887, "compression_ratio": 1.2352941176470589, "no_speech_prob": 0.07889072597026825}], "language": "it"}