{"text": " Ci sar\u00e0 qualcosa sul cubo di lavorare su Polimark? Te non ci credo che la notte questi d'ora monod\u00e0 ci sar\u00e0 un altri mercati, altri sport, altri paesi, ti devi dare di pi\u00f9 da fare, sei un po' un pigro mannaggia per\u00f2, ti ha detto che hai rimotivato al massimo ma non \u00e8 vero.", "segments": [{"id": 0, "seek": 0, "start": 0.0, "end": 15.0, "text": " Ci sar\u00e0 qualcosa sul cubo di lavorare su Polimark? Te non ci credo che la notte questi d'ora monod\u00e0 ci sar\u00e0 un altri mercati, altri sport, altri paesi, ti devi dare di pi\u00f9 da fare, sei un po' un pigro mannaggia per\u00f2, ti ha detto che hai rimotivato al massimo ma non \u00e8 vero.", "tokens": [50364, 20188, 41338, 42400, 17603, 10057, 78, 1026, 29241, 543, 459, 3635, 332, 809, 30, 1989, 2107, 6983, 3864, 78, 947, 635, 406, 975, 29729, 274, 6, 3252, 1108, 378, 1467, 6983, 41338, 517, 33707, 10811, 6908, 11, 33707, 7282, 11, 33707, 2502, 21181, 11, 8757, 31219, 8955, 1026, 10589, 1120, 11994, 11, 10842, 517, 714, 6, 517, 8120, 340, 587, 77, 559, 40550, 12673, 11, 8757, 324, 41031, 947, 21822, 15982, 310, 592, 2513, 419, 2758, 6934, 463, 2107, 4873, 1306, 78, 13, 51114], "temperature": 0.0, "avg_logprob": -0.4165287461391715, "compression_ratio": 1.453125, "no_speech_prob": 0.14231890439987183}], "language": "it"}