{"text": " Beh s\u00ec, devi fare tutto in modo programmatico, non pu\u00f2 usare il browser, quindi vedi tu come fare nel modo pi\u00f9 veloce possibile e usando pi\u00f9 agenti possibili, ma si inizia il numero di agenti paralleli.", "segments": [{"id": 0, "seek": 0, "start": 0.0, "end": 4.0, "text": " Beh s\u00ec, devi fare tutto in modo programmatico, non pu\u00f2 usare il browser, quindi vedi tu", "tokens": [50364, 13068, 49267, 11, 31219, 11994, 23048, 294, 16664, 1461, 25915, 78, 11, 2107, 26526, 505, 543, 1930, 11185, 11, 15727, 371, 10323, 2604, 50564], "temperature": 0.0, "avg_logprob": -0.32273655250424244, "compression_ratio": 1.4109589041095891, "no_speech_prob": 0.01904742233455181}, {"id": 1, "seek": 0, "start": 4.0, "end": 7.5600000000000005, "text": " come fare nel modo pi\u00f9 veloce possibile e usando pi\u00f9 agenti possibili, ma si inizia", "tokens": [50564, 808, 11994, 15373, 16664, 10589, 1241, 752, 384, 50184, 308, 29798, 10589, 9461, 72, 1402, 897, 2312, 11, 463, 1511, 294, 590, 654, 50742], "temperature": 0.0, "avg_logprob": -0.32273655250424244, "compression_ratio": 1.4109589041095891, "no_speech_prob": 0.01904742233455181}, {"id": 2, "seek": 0, "start": 7.5600000000000005, "end": 8.76, "text": " il numero di agenti paralleli.", "tokens": [50742, 1930, 46839, 1026, 9461, 72, 8952, 72, 13, 50802], "temperature": 0.0, "avg_logprob": -0.32273655250424244, "compression_ratio": 1.4109589041095891, "no_speech_prob": 0.01904742233455181}], "language": "it"}