{"text": " allora devi documentare e poi devi creare un file su github dove la documentazione \u00e8 committata che si chiamer\u00e0 boh poly market autobat chiamalo come cazzo ti pare ma non puoi dimenticarlo amico mio", "segments": [{"id": 0, "seek": 0, "start": 0.0, "end": 4.32, "text": " allora devi documentare e poi devi creare un file su github dove la", "tokens": [50364, 44141, 31219, 4166, 543, 308, 19260, 31219, 1197, 543, 517, 3991, 459, 290, 355, 836, 23287, 635, 50580], "temperature": 0.0, "avg_logprob": -0.3540926736498636, "compression_ratio": 1.4492753623188406, "no_speech_prob": 0.07493484020233154}, {"id": 1, "seek": 0, "start": 4.32, "end": 9.96, "text": " documentazione \u00e8 committata che si chiamer\u00e0 boh poly market autobat", "tokens": [50580, 4166, 12928, 4873, 800, 593, 3274, 947, 1511, 417, 2918, 260, 1467, 748, 71, 6754, 2142, 1476, 996, 267, 50862], "temperature": 0.0, "avg_logprob": -0.3540926736498636, "compression_ratio": 1.4492753623188406, "no_speech_prob": 0.07493484020233154}, {"id": 2, "seek": 0, "start": 9.96, "end": 15.040000000000001, "text": " chiamalo come cazzo ti pare ma non puoi dimenticarlo amico mio", "tokens": [50862, 417, 2918, 10334, 808, 269, 921, 4765, 8757, 7448, 463, 2107, 2362, 4869, 274, 2328, 7953, 752, 669, 2789, 29908, 51116], "temperature": 0.0, "avg_logprob": -0.3540926736498636, "compression_ratio": 1.4492753623188406, "no_speech_prob": 0.07493484020233154}], "language": "it"}