{"text": " Polimarket, dal sito web, non fa ancora scommettere, in America. Ok, quindi ho trovato il modo di farlo via app o non abbiamo alternativa adesso? Che palle per\u00f2, comunque al massimo devi iniziare da mattina a presto appena non colorario california, ma colorario, che ne so, costa est, eastern. No, su calci devi prima vedere come sta andando il rate. Tu non puoi, visto che stiamo in paper mode, puoi mettete a usare i soldi veri solo se pensi che ci guadagnamo. Pensi che ci possiamo guadagnare se fai soldi veri o ancora l'algoritmo fa cagare e fa schifo al cazzo?", "segments": [{"id": 0, "seek": 0, "start": 0.0, "end": 9.0, "text": " Polimarket, dal sito web, non fa ancora scommettere, in America. Ok, quindi ho trovato il modo di farlo via app", "tokens": [50364, 3635, 332, 809, 302, 11, 11702, 1394, 78, 3670, 11, 2107, 2050, 30656, 795, 1204, 3093, 323, 11, 294, 3374, 13, 3477, 11, 15727, 1106, 35449, 2513, 1930, 16664, 1026, 1400, 752, 5766, 724, 50814], "temperature": 0.0, "avg_logprob": -0.31122974773029705, "compression_ratio": 1.4482758620689655, "no_speech_prob": 0.3380950093269348}, {"id": 1, "seek": 0, "start": 9.0, "end": 16.0, "text": " o non abbiamo alternativa adesso? Che palle per\u00f2, comunque al massimo devi iniziare da mattina a presto", "tokens": [50814, 277, 2107, 22815, 5400, 18740, 39552, 30, 3351, 280, 11780, 12673, 11, 45736, 419, 2758, 6934, 31219, 294, 24300, 543, 1120, 16539, 1426, 257, 16305, 78, 51164], "temperature": 0.0, "avg_logprob": -0.31122974773029705, "compression_ratio": 1.4482758620689655, "no_speech_prob": 0.3380950093269348}, {"id": 2, "seek": 0, "start": 16.0, "end": 24.0, "text": " appena non colorario california, ma colorario, che ne so, costa est, eastern.", "tokens": [51164, 724, 4118, 2107, 2017, 4912, 2104, 5203, 654, 11, 463, 2017, 4912, 11, 947, 408, 370, 11, 2063, 64, 871, 11, 19346, 13, 51564], "temperature": 0.0, "avg_logprob": -0.31122974773029705, "compression_ratio": 1.4482758620689655, "no_speech_prob": 0.3380950093269348}, {"id": 3, "seek": 2400, "start": 25.0, "end": 31.0, "text": " No, su calci devi prima vedere come sta andando il rate. Tu non puoi, visto che stiamo in paper mode,", "tokens": [50414, 883, 11, 459, 2104, 537, 31219, 19507, 35373, 808, 11135, 293, 1806, 1930, 3314, 13, 7836, 2107, 2362, 4869, 11, 17558, 947, 342, 7415, 294, 3035, 4391, 11, 50714], "temperature": 0.0, "avg_logprob": -0.16519624810469777, "compression_ratio": 1.5454545454545454, "no_speech_prob": 0.3856539726257324}, {"id": 4, "seek": 2400, "start": 31.0, "end": 36.0, "text": " puoi mettete a usare i soldi veri solo se pensi che ci guadagnamo. Pensi che ci possiamo guadagnare", "tokens": [50714, 2362, 4869, 27812, 3498, 257, 505, 543, 741, 3718, 72, 1306, 72, 6944, 369, 6099, 72, 947, 6983, 695, 345, 4535, 10502, 13, 45035, 72, 947, 6983, 44758, 695, 345, 4535, 543, 50964], "temperature": 0.0, "avg_logprob": -0.16519624810469777, "compression_ratio": 1.5454545454545454, "no_speech_prob": 0.3856539726257324}, {"id": 5, "seek": 2400, "start": 36.0, "end": 40.0, "text": " se fai soldi veri o ancora l'algoritmo fa cagare e fa schifo al cazzo?", "tokens": [50964, 369, 283, 1301, 3718, 72, 1306, 72, 277, 30656, 287, 6, 20422, 50017, 3280, 2050, 269, 559, 543, 308, 2050, 956, 351, 78, 419, 269, 921, 4765, 30, 51164], "temperature": 0.0, "avg_logprob": -0.16519624810469777, "compression_ratio": 1.5454545454545454, "no_speech_prob": 0.3856539726257324}], "language": "it"}