{"text": " Poi avevi detto che lo faceva un subagent, invece tu non mi stai rispondendo, quindi non lo sta facendo il subagent, che cazzo stai facendo?", "segments": [{"id": 0, "seek": 0, "start": 0.0, "end": 7.34, "text": " Poi avevi detto che lo faceva un subagent, invece tu non mi stai rispondendo, quindi non lo sta facendo il subagent, che cazzo stai facendo?", "tokens": [50364, 430, 4869, 3472, 4917, 41031, 947, 450, 1851, 2757, 517, 1422, 559, 317, 11, 36344, 2604, 2107, 2752, 342, 1301, 2253, 79, 684, 3999, 11, 15727, 2107, 450, 11135, 1915, 3999, 1930, 1422, 559, 317, 11, 947, 269, 921, 4765, 342, 1301, 1915, 3999, 30, 50731], "temperature": 0.0, "avg_logprob": -0.24044543504714966, "compression_ratio": 1.3333333333333333, "no_speech_prob": 0.0820809081196785}], "language": "it"}