{"text": " allora secondo me ho riesce a farlo in modo programmatico o non ce la fai c'\u00e8 un modo per esplorare tutte una pagina e in modo subaggentico scoprire questi bottoni che non trovi dai provaci un secondo ti ho dato un sacco di indizi", "segments": [{"id": 0, "seek": 0, "start": 0.0, "end": 5.84, "text": " allora secondo me ho riesce a farlo in modo programmatico o non ce la fai c'\u00e8 un modo", "tokens": [50364, 44141, 41601, 385, 1106, 23932, 384, 257, 1400, 752, 294, 16664, 1461, 25915, 78, 277, 2107, 1769, 635, 283, 1301, 269, 6, 1462, 517, 16664, 50656], "temperature": 0.0, "avg_logprob": -0.20234763622283936, "compression_ratio": 1.5298013245033113, "no_speech_prob": 0.05387710779905319}, {"id": 1, "seek": 0, "start": 5.84, "end": 12.72, "text": " per esplorare tutte una pagina e in modo subaggentico scoprire questi bottoni che", "tokens": [50656, 680, 785, 564, 284, 543, 38632, 2002, 11812, 1426, 308, 294, 16664, 1422, 559, 6930, 2789, 795, 404, 38920, 29729, 2274, 17049, 947, 51000], "temperature": 0.0, "avg_logprob": -0.20234763622283936, "compression_ratio": 1.5298013245033113, "no_speech_prob": 0.05387710779905319}, {"id": 2, "seek": 0, "start": 12.72, "end": 18.12, "text": " non trovi dai provaci un secondo ti ho dato un sacco di indizi", "tokens": [51000, 2107, 4495, 4917, 38586, 1439, 22086, 517, 41601, 8757, 1106, 46971, 517, 4899, 1291, 1026, 1016, 24300, 51270], "temperature": 0.0, "avg_logprob": -0.20234763622283936, "compression_ratio": 1.5298013245033113, "no_speech_prob": 0.05387710779905319}], "language": "it"}