{"text": " Usa la nostra architettura multi-agentica. Abbiamo un sistema di tasks gi\u00e0 configurato e puoi spannare agenti per risolvere, quindi puoi mandarne un botto insieme, puoi far andare tutti i task in parallelo, no?", "segments": [{"id": 0, "seek": 0, "start": 0.0, "end": 7.5600000000000005, "text": " Usa la nostra architettura multi-agentica. Abbiamo un sistema di tasks gi\u00e0 configurato e puoi spannare agenti per risolvere, quindi puoi", "tokens": [50364, 4958, 64, 635, 34311, 3912, 270, 3093, 2991, 4825, 12, 559, 317, 2262, 13, 32673, 7415, 517, 13245, 1026, 9608, 30469, 22192, 2513, 308, 2362, 4869, 637, 969, 543, 9461, 72, 680, 2253, 401, 5887, 11, 15727, 2362, 4869, 50742], "temperature": 0.0, "avg_logprob": -0.2554664900808623, "compression_ratio": 1.3973509933774835, "no_speech_prob": 0.029000042006373405}, {"id": 1, "seek": 0, "start": 8.1, "end": 11.4, "text": " mandarne un botto insieme, puoi far andare tutti i task in parallelo, no?", "tokens": [50769, 7411, 289, 716, 517, 10592, 1353, 1028, 44940, 11, 2362, 4869, 1400, 42742, 19822, 741, 5633, 294, 8952, 78, 11, 572, 30, 50934], "temperature": 0.0, "avg_logprob": -0.2554664900808623, "compression_ratio": 1.3973509933774835, "no_speech_prob": 0.029000042006373405}], "language": "it"}