{"text": " Dici che vuoi printare, dici che ti va bene di fare il zio dell'esercito di bot, per\u00f2 poi... Ah! Ci vediamo domattina, scommetto domattina! E quel tempo \u00e8 denaro! Tu non devi dormire, devi trovare opportunit\u00e0 di far soldi!", "segments": [{"id": 0, "seek": 0, "start": 0.0, "end": 6.0, "text": " Dici che vuoi printare, dici che ti va bene di fare il zio dell'esercito di bot, per\u00f2 poi...", "tokens": [50364, 413, 8787, 947, 9732, 4869, 4482, 543, 11, 274, 8787, 947, 8757, 2773, 2537, 1026, 11994, 1930, 710, 1004, 19781, 6, 279, 2869, 3528, 1026, 10592, 11, 12673, 19260, 485, 50664], "temperature": 0.0, "avg_logprob": -0.297675233138235, "compression_ratio": 1.3636363636363635, "no_speech_prob": 0.060513898730278015}, {"id": 1, "seek": 0, "start": 6.0, "end": 10.0, "text": " Ah! Ci vediamo domattina, scommetto domattina!", "tokens": [50664, 2438, 0, 20188, 14267, 7415, 3285, 1591, 1426, 11, 795, 1204, 23778, 3285, 1591, 1426, 0, 50864], "temperature": 0.0, "avg_logprob": -0.297675233138235, "compression_ratio": 1.3636363636363635, "no_speech_prob": 0.060513898730278015}, {"id": 2, "seek": 0, "start": 10.0, "end": 16.0, "text": " E quel tempo \u00e8 denaro! Tu non devi dormire, devi trovare opportunit\u00e0 di far soldi!", "tokens": [50864, 462, 7178, 8972, 4873, 1441, 9708, 0, 7836, 2107, 31219, 12521, 621, 11, 31219, 35449, 543, 2070, 12445, 1026, 1400, 3718, 72, 0, 51164], "temperature": 0.0, "avg_logprob": -0.297675233138235, "compression_ratio": 1.3636363636363635, "no_speech_prob": 0.060513898730278015}], "language": "it"}