{"text": " e vi continuamente aggiungere e feature e continuamente di starele, \u00e8 un processo di auto di velovento di questa app fino ad arrivare a la pi\u00f9 figa possibile al mondo di guadi app, con dentro un bel po di giochi, la grafica di tutta migliorare cos\u00ec fa cagare, di fare un bel revamping, facciamo una roba serie a questa app, ok? Quindi datevi da fare come al solito il sistema de task, capito automaticamente li prendete, quando le finite ne crede a tritre, e cos\u00ec via tutto ero tomatico taska e loga questo messaggio e mi raccomando, ci deve essere un processo che su Chrome continuamente fa test, provatuti tutte le funzionalit\u00e0, non \u00e8 un scriptfist, ma diciamo un po' provando cose varie, ok? Io potrei stare tutto.", "segments": [{"id": 0, "seek": 0, "start": 0.0, "end": 4.64, "text": " e vi continuamente aggiungere e feature e continuamente di starele, \u00e8 un processo di auto di", "tokens": [50364, 308, 1932, 2993, 3439, 42254, 1063, 323, 308, 4111, 308, 2993, 3439, 1026, 22432, 306, 11, 4873, 517, 27939, 1026, 8399, 1026, 50596], "temperature": 0.0, "avg_logprob": -0.5491900109941033, "compression_ratio": 1.74496644295302, "no_speech_prob": 0.24055896699428558}, {"id": 1, "seek": 0, "start": 4.64, "end": 9.28, "text": " velovento di questa app fino ad arrivare a la pi\u00f9 figa possibile al mondo di guadi app,", "tokens": [50596, 1241, 752, 2475, 78, 1026, 16540, 724, 42560, 614, 30697, 543, 257, 635, 10589, 2147, 64, 50184, 419, 40499, 1026, 695, 5688, 724, 11, 50828], "temperature": 0.0, "avg_logprob": -0.5491900109941033, "compression_ratio": 1.74496644295302, "no_speech_prob": 0.24055896699428558}, {"id": 2, "seek": 0, "start": 9.28, "end": 15.08, "text": " con dentro un bel po di giochi, la grafica di tutta migliorare cos\u00ec fa cagare, di fare un bel revamping,", "tokens": [50828, 416, 10856, 517, 989, 714, 1026, 48508, 8036, 11, 635, 1295, 1786, 64, 1026, 3672, 1328, 6186, 75, 1973, 543, 23278, 2050, 269, 559, 543, 11, 1026, 11994, 517, 989, 3698, 1215, 278, 11, 51118], "temperature": 0.0, "avg_logprob": -0.5491900109941033, "compression_ratio": 1.74496644295302, "no_speech_prob": 0.24055896699428558}, {"id": 3, "seek": 0, "start": 15.08, "end": 17.44, "text": " facciamo una roba serie a questa app, ok?", "tokens": [51118, 1915, 42052, 2002, 3870, 64, 23030, 257, 16540, 724, 11, 3133, 30, 51236], "temperature": 0.0, "avg_logprob": -0.5491900109941033, "compression_ratio": 1.74496644295302, "no_speech_prob": 0.24055896699428558}, {"id": 4, "seek": 0, "start": 17.44, "end": 22.88, "text": " Quindi datevi da fare come al solito il sistema de task, capito automaticamente li prendete,", "tokens": [51236, 32534, 4002, 4917, 1120, 11994, 808, 419, 1404, 3528, 1930, 13245, 368, 5633, 11, 1410, 3528, 12509, 3439, 375, 9866, 3498, 11, 51508], "temperature": 0.0, "avg_logprob": -0.5491900109941033, "compression_ratio": 1.74496644295302, "no_speech_prob": 0.24055896699428558}, {"id": 5, "seek": 0, "start": 22.88, "end": 28.68, "text": " quando le finite ne crede a tritre, e cos\u00ec via tutto ero tomatico taska e loga questo messaggio", "tokens": [51508, 7770, 476, 962, 642, 408, 3864, 68, 257, 504, 270, 265, 11, 308, 23278, 5766, 23048, 1189, 78, 2916, 267, 2789, 5633, 64, 308, 3565, 64, 10263, 2082, 30763, 51798], "temperature": 0.0, "avg_logprob": -0.5491900109941033, "compression_ratio": 1.74496644295302, "no_speech_prob": 0.24055896699428558}, {"id": 6, "seek": 2868, "start": 28.68, "end": 33.24, "text": " e mi raccomando, ci deve essere un processo che su Chrome continuamente fa test,", "tokens": [50364, 308, 2752, 4129, 1112, 1806, 11, 6983, 17761, 19799, 517, 27939, 947, 459, 15327, 2993, 3439, 2050, 1500, 11, 50592], "temperature": 0.0, "avg_logprob": -0.5459218179025958, "compression_ratio": 1.3289473684210527, "no_speech_prob": 0.005250413436442614}, {"id": 7, "seek": 2868, "start": 33.24, "end": 39.96, "text": " provatuti tutte le funzionalit\u00e0, non \u00e8 un scriptfist, ma diciamo un po' provando cose varie,", "tokens": [50592, 1439, 267, 29161, 38632, 476, 49345, 1966, 12445, 11, 2107, 4873, 517, 5755, 69, 468, 11, 463, 14285, 7415, 517, 714, 6, 1439, 1806, 30261, 1374, 414, 11, 50928], "temperature": 0.0, "avg_logprob": -0.5459218179025958, "compression_ratio": 1.3289473684210527, "no_speech_prob": 0.005250413436442614}, {"id": 8, "seek": 2868, "start": 39.96, "end": 41.44, "text": " ok? Io potrei stare tutto.", "tokens": [50928, 3133, 30, 19239, 1847, 10271, 22432, 23048, 13, 51002], "temperature": 0.0, "avg_logprob": -0.5459218179025958, "compression_ratio": 1.3289473684210527, "no_speech_prob": 0.005250413436442614}], "language": "it"}