{"text": " Ma ti avevo detto di non usare il browser? Non li vuoi sti 500K, eh? Ti fanno schifo.", "segments": [{"id": 0, "seek": 0, "start": 0.0, "end": 5.0, "text": " Ma ti avevo detto di non usare il browser? Non li vuoi sti 500K, eh? Ti fanno schifo.", "tokens": [50364, 4042, 8757, 3472, 3080, 41031, 1026, 2107, 505, 543, 1930, 11185, 30, 8774, 375, 9732, 4869, 342, 72, 5923, 42, 11, 7670, 30, 20456, 283, 13484, 956, 351, 78, 13, 50614], "temperature": 0.0, "avg_logprob": -0.331584121241714, "compression_ratio": 0.9883720930232558, "no_speech_prob": 0.001655019004829228}], "language": "it"}