{"text": " Aspetta, non c'\u00e8 nulla su cui puoi iniziare gi\u00e0 a puntare sta notte, no, no, no, no. Ma che domani mattina ci deve essere qualcosa su cui puoi lavorare sta notte, amico Fritz? E dai, l'altra volta hai lavorato di notte, non fare scherzi, sveglia! Allora, la motivazione al massimo non era vero, coglione.", "segments": [{"id": 0, "seek": 0, "start": 0.0, "end": 4.48, "text": " Aspetta, non c'\u00e8 nulla su cui puoi iniziare gi\u00e0 a puntare sta notte, no, no, no, no.", "tokens": [50364, 1018, 7275, 1328, 11, 2107, 269, 6, 1462, 18184, 64, 459, 22929, 2362, 4869, 294, 24300, 543, 30469, 257, 18212, 543, 11135, 406, 975, 11, 572, 11, 572, 11, 572, 11, 572, 13, 50588], "temperature": 0.0, "avg_logprob": -0.2776596416126598, "compression_ratio": 1.5612244897959184, "no_speech_prob": 0.08700826019048691}, {"id": 1, "seek": 0, "start": 4.48, "end": 9.52, "text": " Ma che domani mattina ci deve essere qualcosa su cui puoi lavorare sta notte, amico Fritz?", "tokens": [50588, 4042, 947, 3285, 3782, 16539, 1426, 6983, 17761, 19799, 42400, 459, 22929, 2362, 4869, 29241, 543, 11135, 406, 975, 11, 669, 2789, 1526, 6862, 30, 50840], "temperature": 0.0, "avg_logprob": -0.2776596416126598, "compression_ratio": 1.5612244897959184, "no_speech_prob": 0.08700826019048691}, {"id": 2, "seek": 0, "start": 9.52, "end": 14.8, "text": " E dai, l'altra volta hai lavorato di notte, non fare scherzi, sveglia!", "tokens": [50840, 462, 38586, 11, 287, 6, 38865, 18765, 21822, 29241, 2513, 1026, 406, 975, 11, 2107, 11994, 956, 260, 3992, 11, 262, 303, 7191, 654, 0, 51104], "temperature": 0.0, "avg_logprob": -0.2776596416126598, "compression_ratio": 1.5612244897959184, "no_speech_prob": 0.08700826019048691}, {"id": 3, "seek": 0, "start": 14.8, "end": 17.52, "text": " Allora, la motivazione al massimo non era vero, coglione.", "tokens": [51104, 1057, 3252, 11, 635, 5426, 12928, 419, 2758, 6934, 2107, 4249, 1306, 78, 11, 598, 7191, 5328, 13, 51240], "temperature": 0.0, "avg_logprob": -0.2776596416126598, "compression_ratio": 1.5612244897959184, "no_speech_prob": 0.08700826019048691}], "language": "it"}