{"text": " no non pu\u00f2 usare antropic purtroppo non pu\u00f2 usare le sdk ma che serve per leggeri siti? trovo un'altra soluzione se serve solo per leggeri siti o no?", "segments": [{"id": 0, "seek": 0, "start": 0.0, "end": 5.5200000000000005, "text": " no non pu\u00f2 usare antropic purtroppo non pu\u00f2 usare le sdk ma che serve per", "tokens": [50364, 572, 2107, 26526, 505, 543, 2511, 39173, 1864, 38604, 27000, 2107, 26526, 505, 543, 476, 262, 67, 74, 463, 947, 4596, 680, 50640], "temperature": 0.0, "avg_logprob": -0.2867949503772664, "compression_ratio": 1.495049504950495, "no_speech_prob": 0.007790049538016319}, {"id": 1, "seek": 0, "start": 5.5200000000000005, "end": 11.040000000000001, "text": " leggeri siti? trovo un'altra soluzione se serve solo per leggeri siti o no?", "tokens": [50640, 1676, 1321, 72, 1394, 72, 30, 4495, 3080, 517, 6, 38865, 1404, 3334, 5328, 369, 4596, 6944, 680, 1676, 1321, 72, 1394, 72, 277, 572, 30, 50916], "temperature": 0.0, "avg_logprob": -0.2867949503772664, "compression_ratio": 1.495049504950495, "no_speech_prob": 0.007790049538016319}], "language": "it"}