{"text": " Poi ti avevo spiegato non si chiama tech solo, tu devi fare onde, una sezione blog e nella sezione blog ci saranno, ci sar\u00e0 quello tech per ora, era cos\u00ec difficile da capire mannaggia o...", "segments": [{"id": 0, "seek": 0, "start": 0.0, "end": 6.84, "text": " Poi ti avevo spiegato non si chiama tech solo, tu devi fare onde, una sezione blog e nella", "tokens": [50364, 430, 4869, 8757, 3472, 3080, 637, 20408, 2513, 2107, 1511, 13228, 2404, 7553, 6944, 11, 2604, 31219, 11994, 14396, 11, 2002, 369, 19706, 6968, 308, 23878, 50706], "temperature": 0.0, "avg_logprob": -0.3442130331265724, "compression_ratio": 1.3768115942028984, "no_speech_prob": 0.016935082152485847}, {"id": 1, "seek": 0, "start": 6.84, "end": 12.48, "text": " sezione blog ci saranno, ci sar\u00e0 quello tech per ora, era cos\u00ec difficile da capire", "tokens": [50706, 369, 19706, 6968, 6983, 13782, 13484, 11, 6983, 41338, 22813, 7553, 680, 33714, 11, 4249, 23278, 26607, 1120, 1410, 621, 50988], "temperature": 0.0, "avg_logprob": -0.3442130331265724, "compression_ratio": 1.3768115942028984, "no_speech_prob": 0.016935082152485847}, {"id": 2, "seek": 0, "start": 12.48, "end": 13.52, "text": " mannaggia o...", "tokens": [50988, 587, 77, 559, 40550, 277, 485, 51040], "temperature": 0.0, "avg_logprob": -0.3442130331265724, "compression_ratio": 1.3768115942028984, "no_speech_prob": 0.016935082152485847}], "language": "it"}