{"text": " Cerca di migliorare veramente calci, focalizza di bene coglionazzo e parlo non ho capito perch\u00e9 dentro a blog ci sta ancora l'auto trader, elimina colunque riferimento di auto trader visto che siamo dei falliti dal nostro sito coglione che cazzo scrivi di calci quando stiamo nella merda", "segments": [{"id": 0, "seek": 0, "start": 0.0, "end": 6.08, "text": " Cerca di migliorare veramente calci, focalizza di bene coglionazzo e parlo non ho capito perch\u00e9 dentro", "tokens": [50364, 26402, 496, 1026, 6186, 75, 1973, 543, 50079, 2104, 537, 11, 26592, 7176, 1026, 2537, 598, 7191, 313, 921, 4765, 308, 971, 752, 2107, 1106, 1410, 3528, 14303, 10856, 50668], "temperature": 0.0, "avg_logprob": -0.2500788744758157, "compression_ratio": 1.5401069518716577, "no_speech_prob": 0.0300796777009964}, {"id": 1, "seek": 0, "start": 6.08, "end": 10.96, "text": " a blog ci sta ancora l'auto trader, elimina colunque riferimento di auto trader visto che", "tokens": [50668, 257, 6968, 6983, 11135, 30656, 287, 6, 41988, 31961, 11, 24333, 1426, 1173, 409, 1077, 367, 9361, 10030, 1026, 8399, 31961, 17558, 947, 50912], "temperature": 0.0, "avg_logprob": -0.2500788744758157, "compression_ratio": 1.5401069518716577, "no_speech_prob": 0.0300796777009964}, {"id": 2, "seek": 0, "start": 10.96, "end": 16.68, "text": " siamo dei falliti dal nostro sito coglione che cazzo scrivi di calci quando stiamo nella merda", "tokens": [50912, 33459, 13874, 2100, 8707, 11702, 35779, 1394, 78, 598, 7191, 5328, 947, 269, 921, 4765, 5545, 4917, 1026, 2104, 537, 7770, 342, 7415, 23878, 3551, 2675, 51198], "temperature": 0.0, "avg_logprob": -0.2500788744758157, "compression_ratio": 1.5401069518716577, "no_speech_prob": 0.0300796777009964}], "language": "it"}