{"text": " Ok, continuate a lavorare un'una civitask, mi raccomando, e se per caso vi trovate a fare qualche domanda bene la vostra sciadne, il nostro canale, quanto un, e vedete che non rispondo perch\u00e9 sta dormendo, potete fare la domanda da rigilate o al altro o al croc. Ok? Cos\u00ec potete esblocarvi.", "segments": [{"id": 0, "seek": 0, "start": 0.0, "end": 7.98, "text": " Ok, continuate a lavorare un'una civitask, mi raccomando, e se per caso vi trovate a fare qualche domanda", "tokens": [50364, 3477, 11, 2993, 473, 257, 29241, 543, 517, 6, 5051, 13779, 270, 3863, 11, 2752, 4129, 1112, 1806, 11, 308, 369, 680, 9666, 1932, 4495, 19083, 257, 11994, 38737, 3285, 5575, 50763], "temperature": 0.0, "avg_logprob": -0.5937950442535709, "compression_ratio": 1.5051546391752577, "no_speech_prob": 0.13924963772296906}, {"id": 1, "seek": 0, "start": 7.98, "end": 14.32, "text": " bene la vostra sciadne, il nostro canale, quanto un, e vedete che non rispondo perch\u00e9", "tokens": [50763, 2537, 635, 28944, 424, 2180, 345, 716, 11, 1930, 35779, 393, 1220, 11, 17820, 517, 11, 308, 14267, 3498, 947, 2107, 2253, 79, 27720, 14303, 51080], "temperature": 0.0, "avg_logprob": -0.5937950442535709, "compression_ratio": 1.5051546391752577, "no_speech_prob": 0.13924963772296906}, {"id": 2, "seek": 0, "start": 14.32, "end": 22.48, "text": " sta dormendo, potete fare la domanda da rigilate o al altro o al croc. Ok? Cos\u00ec potete", "tokens": [51080, 11135, 12521, 3999, 11, 1847, 3498, 11994, 635, 3285, 5575, 1120, 8329, 388, 473, 277, 419, 40924, 277, 419, 4848, 66, 13, 3477, 30, 15855, 4749, 1847, 3498, 51488], "temperature": 0.0, "avg_logprob": -0.5937950442535709, "compression_ratio": 1.5051546391752577, "no_speech_prob": 0.13924963772296906}, {"id": 3, "seek": 0, "start": 22.48, "end": 23.48, "text": " esblocarvi.", "tokens": [51488, 785, 65, 5842, 289, 4917, 13, 51538], "temperature": 0.0, "avg_logprob": -0.5937950442535709, "compression_ratio": 1.5051546391752577, "no_speech_prob": 0.13924963772296906}], "language": "it"}