{"text": " perch\u00e9 non provi a rigi generare l'ituo, ha visto che ti sei gi\u00e0 logato su Grock con le stesse credenziali di X, di free riverhouse, quindi poi logarti, non mi far\u00e0 perdertempo dague e c'\u00e8 la fai.", "segments": [{"id": 0, "seek": 0, "start": 0.0, "end": 5.88, "text": " perch\u00e9 non provi a rigi generare l'ituo, ha visto che ti sei gi\u00e0 logato su Grock con le stesse", "tokens": [50364, 14303, 2107, 1439, 72, 257, 8329, 72, 1337, 543, 287, 6, 6380, 78, 11, 324, 17558, 947, 8757, 10842, 30469, 3565, 2513, 459, 460, 17799, 416, 476, 342, 7357, 50658], "temperature": 0.0, "avg_logprob": -0.6945430921471637, "compression_ratio": 1.3071895424836601, "no_speech_prob": 0.005884659010916948}, {"id": 1, "seek": 0, "start": 5.88, "end": 13.120000000000001, "text": " credenziali di X, di free riverhouse, quindi poi logarti, non mi far\u00e0 perdertempo dague e c'\u00e8 la fai.", "tokens": [50658, 3864, 11368, 831, 72, 1026, 1783, 11, 1026, 1737, 6810, 6410, 11, 15727, 19260, 3565, 40155, 11, 2107, 2752, 1400, 1467, 12611, 911, 443, 2259, 15460, 622, 308, 269, 6, 1462, 635, 283, 1301, 13, 51020], "temperature": 0.0, "avg_logprob": -0.6945430921471637, "compression_ratio": 1.3071895424836601, "no_speech_prob": 0.005884659010916948}], "language": "it"}