{"text": " Come raccomando ragazzi, tutti i vostri tasque, devo non stare sul GitHub, mentre devi d'accordo, deve essere in GitHub un repositori di task con diviso. Ok, in modo che devi potete anche passare un all'altro, ma soprattutto serve per il controllo riuscipro, con uno deve potere vedere cosa qualit\u00e0 ska chiuso l'altro nel ultima ora, in modo che pu\u00f2 capire come sta lavorando l'altro e digli di darci una sveglieta si sta dormendo. Ok, non credo che questa cosa la avete fatta, dovete assolutamente implementare questo. Non vi ve stati piedi su sta cosa, dovrebbe gi\u00e0 esserci su GitHub, questa roba di task centralizzati, quindi non penso che dovete fare niente di nuovo solo essere sicuri di comittare quello che \u00e8 fatto ogni volta. In modo di aggiornare sempre il GitHub, cos\u00ec l'altro pu\u00f2 controllare. Ok, datemi conferma.", "segments": [{"id": 0, "seek": 0, "start": 0.0, "end": 5.12, "text": " Come raccomando ragazzi, tutti i vostri tasque, devo non stare sul GitHub,", "tokens": [50364, 2492, 4129, 1112, 1806, 17539, 33910, 11, 19822, 741, 28944, 470, 8023, 1077, 11, 49717, 2107, 22432, 17603, 23331, 11, 50620], "temperature": 0.0, "avg_logprob": -0.6082688172658285, "compression_ratio": 1.5288461538461537, "no_speech_prob": 0.5822626352310181}, {"id": 1, "seek": 0, "start": 5.12, "end": 12.16, "text": " mentre devi d'accordo, deve essere in GitHub un repositori di task con diviso.", "tokens": [50620, 49601, 31219, 274, 6, 19947, 78, 11, 17761, 19799, 294, 23331, 517, 1085, 329, 3029, 72, 1026, 5633, 416, 3414, 19227, 13, 50972], "temperature": 0.0, "avg_logprob": -0.6082688172658285, "compression_ratio": 1.5288461538461537, "no_speech_prob": 0.5822626352310181}, {"id": 2, "seek": 0, "start": 12.16, "end": 18.0, "text": " Ok, in modo che devi potete anche passare un all'altro, ma soprattutto serve per il", "tokens": [50972, 3477, 11, 294, 16664, 947, 31219, 1847, 3498, 11585, 1320, 543, 517, 439, 6, 47484, 11, 463, 50002, 4596, 680, 1930, 51264], "temperature": 0.0, "avg_logprob": -0.6082688172658285, "compression_ratio": 1.5288461538461537, "no_speech_prob": 0.5822626352310181}, {"id": 3, "seek": 0, "start": 18.0, "end": 25.12, "text": " controllo riuscipro, con uno deve potere vedere cosa qualit\u00e0 ska chiuso l'altro", "tokens": [51264, 1583, 1913, 367, 4872, 537, 4318, 11, 416, 8526, 17761, 1847, 323, 35373, 10163, 4101, 12445, 9958, 417, 4872, 78, 287, 6, 47484, 51620], "temperature": 0.0, "avg_logprob": -0.6082688172658285, "compression_ratio": 1.5288461538461537, "no_speech_prob": 0.5822626352310181}, {"id": 4, "seek": 2512, "start": 25.12, "end": 29.68, "text": " nel ultima ora, in modo che pu\u00f2 capire come sta lavorando l'altro e digli di", "tokens": [50364, 15373, 3725, 4775, 33714, 11, 294, 16664, 947, 26526, 1410, 621, 808, 11135, 29241, 1806, 287, 6, 47484, 308, 2528, 2081, 1026, 50592], "temperature": 0.0, "avg_logprob": -0.4019605848524306, "compression_ratio": 1.6392156862745098, "no_speech_prob": 0.2646517753601074}, {"id": 5, "seek": 2512, "start": 29.68, "end": 32.120000000000005, "text": " darci una sveglieta si sta dormendo.", "tokens": [50592, 4072, 537, 2002, 262, 303, 7191, 1684, 64, 1511, 11135, 12521, 3999, 13, 50714], "temperature": 0.0, "avg_logprob": -0.4019605848524306, "compression_ratio": 1.6392156862745098, "no_speech_prob": 0.2646517753601074}, {"id": 6, "seek": 2512, "start": 32.120000000000005, "end": 38.88, "text": " Ok, non credo che questa cosa la avete fatta, dovete assolutamente implementare questo.", "tokens": [50714, 3477, 11, 2107, 3864, 78, 947, 16540, 10163, 635, 48201, 4046, 1328, 11, 30870, 3498, 1256, 2308, 3439, 4445, 543, 10263, 13, 51052], "temperature": 0.0, "avg_logprob": -0.4019605848524306, "compression_ratio": 1.6392156862745098, "no_speech_prob": 0.2646517753601074}, {"id": 7, "seek": 2512, "start": 38.88, "end": 43.28, "text": " Non vi ve stati piedi su sta cosa, dovrebbe gi\u00e0 esserci su GitHub,", "tokens": [51052, 8774, 1932, 1241, 2219, 72, 24186, 72, 459, 11135, 10163, 11, 30870, 39487, 30469, 2097, 260, 537, 459, 23331, 11, 51272], "temperature": 0.0, "avg_logprob": -0.4019605848524306, "compression_ratio": 1.6392156862745098, "no_speech_prob": 0.2646517753601074}, {"id": 8, "seek": 2512, "start": 43.28, "end": 47.92, "text": " questa roba di task centralizzati, quindi non penso che dovete fare niente di nuovo", "tokens": [51272, 16540, 3870, 64, 1026, 5633, 5777, 8072, 6908, 11, 15727, 2107, 48005, 947, 30870, 3498, 11994, 297, 8413, 1026, 49348, 51504], "temperature": 0.0, "avg_logprob": -0.4019605848524306, "compression_ratio": 1.6392156862745098, "no_speech_prob": 0.2646517753601074}, {"id": 9, "seek": 2512, "start": 47.92, "end": 51.84, "text": " solo essere sicuri di comittare quello che \u00e8 fatto ogni volta.", "tokens": [51504, 6944, 19799, 33579, 9744, 1026, 395, 593, 543, 22813, 947, 4873, 23228, 33189, 18765, 13, 51700], "temperature": 0.0, "avg_logprob": -0.4019605848524306, "compression_ratio": 1.6392156862745098, "no_speech_prob": 0.2646517753601074}, {"id": 10, "seek": 5184, "start": 51.92, "end": 54.720000000000006, "text": " In modo di aggiornare sempre il GitHub, cos\u00ec l'altro pu\u00f2 controllare.", "tokens": [50368, 682, 16664, 1026, 42254, 1865, 543, 9553, 1930, 23331, 11, 23278, 287, 6, 47484, 26526, 45159, 543, 13, 50508], "temperature": 0.0, "avg_logprob": -0.4909362475077311, "compression_ratio": 1.0, "no_speech_prob": 0.6386491656303406}, {"id": 11, "seek": 5184, "start": 54.720000000000006, "end": 56.56, "text": " Ok, datemi conferma.", "tokens": [50508, 3477, 11, 1137, 13372, 13765, 1696, 13, 50600], "temperature": 0.0, "avg_logprob": -0.4909362475077311, "compression_ratio": 1.0, "no_speech_prob": 0.6386491656303406}], "language": "it"}