{"text": " Uno di voi due, \u00e8 penso che sia un dinno, aveva quel tec dei liposto su fririver\u00e0, o schifascione automatico, lo riusc\u00ec a fare, finch\u00e9 non te lo ha stoppato, il che significa, che tu ci avevito che \u00e8 in peffare il post. Puoi confirmare questa cosa, e se ce le hai, puoi fare quel post che \u00e8 messo nel blog, quel post che abbiamo nel blog sulla radio, non senza fu fa molto nesto che era conto un po' quello che abbiamo fatto. Ci vuoi fare un post su x, secondo me, ce l'ai tu il token, perch\u00e9 li facevisti post, quindi per favore fa una verifica serie, nitori dati. Trava come quella auto task fa ceva a postare automatico, perch\u00e9 postava da solo, io non faceva un cazzo. Se ci riesci, fa un post, fa lo rivedere a groc e metilo.", "segments": [{"id": 0, "seek": 0, "start": 0.0, "end": 8.8, "text": " Uno di voi due, \u00e8 penso che sia un dinno, aveva quel tec dei liposto su fririver\u00e0,", "tokens": [50364, 37468, 1026, 20931, 3462, 11, 4873, 48005, 947, 25176, 517, 3791, 1771, 11, 3472, 2757, 7178, 535, 66, 13874, 8280, 555, 78, 459, 431, 347, 1837, 1467, 11, 50804], "temperature": 0.0, "avg_logprob": -0.616910126249669, "compression_ratio": 1.6036036036036037, "no_speech_prob": 0.4224044978618622}, {"id": 1, "seek": 0, "start": 8.8, "end": 13.8, "text": " o schifascione automatico, lo riusc\u00ec a fare, finch\u00e9 non te lo ha stoppato, il che significa,", "tokens": [50804, 277, 956, 351, 4806, 5328, 12509, 78, 11, 450, 367, 4872, 66, 4749, 257, 11994, 11, 962, 11131, 2107, 535, 450, 324, 342, 17158, 2513, 11, 1930, 947, 19957, 11, 51054], "temperature": 0.0, "avg_logprob": -0.616910126249669, "compression_ratio": 1.6036036036036037, "no_speech_prob": 0.4224044978618622}, {"id": 2, "seek": 0, "start": 13.8, "end": 20.400000000000002, "text": " che tu ci avevito che \u00e8 in peffare il post. Puoi confirmare questa cosa, e se ce le hai,", "tokens": [51054, 947, 2604, 6983, 3472, 85, 3528, 947, 4873, 294, 520, 602, 543, 1930, 2183, 13, 13605, 4869, 1497, 3692, 543, 16540, 10163, 11, 308, 369, 1769, 476, 21822, 11, 51384], "temperature": 0.0, "avg_logprob": -0.616910126249669, "compression_ratio": 1.6036036036036037, "no_speech_prob": 0.4224044978618622}, {"id": 3, "seek": 0, "start": 20.400000000000002, "end": 27.6, "text": " puoi fare quel post che \u00e8 messo nel blog, quel post che abbiamo nel blog sulla radio,", "tokens": [51384, 2362, 4869, 11994, 7178, 2183, 947, 4873, 2082, 78, 15373, 6968, 11, 7178, 2183, 947, 22815, 15373, 6968, 33625, 6477, 11, 51744], "temperature": 0.0, "avg_logprob": -0.616910126249669, "compression_ratio": 1.6036036036036037, "no_speech_prob": 0.4224044978618622}, {"id": 4, "seek": 2760, "start": 27.6, "end": 35.8, "text": " non senza fu fa molto nesto che era conto un po' quello che abbiamo fatto. Ci vuoi fare un post su", "tokens": [50364, 2107, 36208, 8536, 2050, 16394, 297, 18465, 947, 4249, 660, 78, 517, 714, 6, 22813, 947, 22815, 23228, 13, 20188, 9732, 4869, 11994, 517, 2183, 459, 50774], "temperature": 0.0, "avg_logprob": -0.5127988962026743, "compression_ratio": 1.528205128205128, "no_speech_prob": 0.07394204288721085}, {"id": 5, "seek": 2760, "start": 35.8, "end": 42.84, "text": " x, secondo me, ce l'ai tu il token, perch\u00e9 li facevisti post, quindi per favore fa una verifica", "tokens": [50774, 2031, 11, 41601, 385, 11, 1769, 287, 6, 1301, 2604, 1930, 14862, 11, 14303, 375, 1851, 85, 45308, 2183, 11, 15727, 680, 33801, 418, 2050, 2002, 1306, 43377, 51126], "temperature": 0.0, "avg_logprob": -0.5127988962026743, "compression_ratio": 1.528205128205128, "no_speech_prob": 0.07394204288721085}, {"id": 6, "seek": 2760, "start": 42.84, "end": 51.8, "text": " serie, nitori dati. Trava come quella auto task fa ceva a postare automatico, perch\u00e9 postava da solo,", "tokens": [51126, 23030, 11, 297, 3029, 72, 1137, 72, 13, 5403, 2757, 808, 32234, 8399, 5633, 2050, 1769, 2757, 257, 2183, 543, 12509, 78, 11, 14303, 2183, 4061, 1120, 6944, 11, 51574], "temperature": 0.0, "avg_logprob": -0.5127988962026743, "compression_ratio": 1.528205128205128, "no_speech_prob": 0.07394204288721085}, {"id": 7, "seek": 5180, "start": 51.8, "end": 60.199999999999996, "text": " io non faceva un cazzo. Se ci riesci, fa un post, fa lo rivedere a groc e metilo.", "tokens": [50364, 19785, 2107, 1851, 2757, 517, 269, 921, 4765, 13, 1100, 6983, 23932, 537, 11, 2050, 517, 2183, 11, 2050, 450, 367, 3194, 323, 257, 4634, 66, 308, 1131, 10720, 13, 50784], "temperature": 0.0, "avg_logprob": -0.4779241446292762, "compression_ratio": 1.08, "no_speech_prob": 0.23523883521556854}], "language": "it"}