{"text": " Se ci sono due sette, le puoi provare tutto due guarda, non \u00e8 un problema quello, ne per\u00f2 vi rimamone poi l'altro. Il testo, fatelo dare, te lo mette adesso, ciodi il mio, te lo mette qui sopra, e lo fatere vedere a groc, bravissimi.", "segments": [{"id": 0, "seek": 0, "start": 0.0, "end": 5.6000000000000005, "text": " Se ci sono due sette, le puoi provare tutto due guarda, non \u00e8 un problema quello, ne", "tokens": [50364, 1100, 6983, 9259, 3462, 992, 975, 11, 476, 2362, 4869, 1439, 543, 23048, 3462, 6290, 64, 11, 2107, 4873, 517, 12395, 22813, 11, 408, 50644], "temperature": 0.0, "avg_logprob": -0.5963405930852316, "compression_ratio": 1.4506172839506173, "no_speech_prob": 0.007039467804133892}, {"id": 1, "seek": 0, "start": 5.6000000000000005, "end": 10.4, "text": " per\u00f2 vi rimamone poi l'altro. Il testo, fatelo dare, te lo mette adesso,", "tokens": [50644, 12673, 1932, 15982, 335, 546, 19260, 287, 6, 47484, 13, 4416, 1500, 78, 11, 4046, 10590, 8955, 11, 535, 450, 1131, 975, 39552, 11, 50884], "temperature": 0.0, "avg_logprob": -0.5963405930852316, "compression_ratio": 1.4506172839506173, "no_speech_prob": 0.007039467804133892}, {"id": 2, "seek": 0, "start": 10.4, "end": 15.92, "text": " ciodi il mio, te lo mette qui sopra, e lo fatere vedere a groc, bravissimi.", "tokens": [50884, 269, 2695, 72, 1930, 29908, 11, 535, 450, 1131, 975, 1956, 370, 43255, 11, 308, 450, 4046, 323, 35373, 257, 4634, 66, 11, 1548, 85, 891, 10121, 13, 51160], "temperature": 0.0, "avg_logprob": -0.5963405930852316, "compression_ratio": 1.4506172839506173, "no_speech_prob": 0.007039467804133892}], "language": "it"}