{"text": " che due draft parlo di due to che non due draft, e non ti confondere, il post sull'aradio non va su fri liberaus, un post invece su skin creator con magari uno scrivisce o to cos\u00ec con un link, va suonde.", "segments": [{"id": 0, "seek": 0, "start": 0.0, "end": 6.7, "text": " che due draft parlo di due to che non due draft, e non ti confondere, il post sull'aradio", "tokens": [50364, 947, 3462, 11206, 971, 752, 1026, 3462, 281, 947, 2107, 3462, 11206, 11, 308, 2107, 8757, 1497, 33447, 11, 1930, 2183, 459, 285, 6, 289, 345, 1004, 50699], "temperature": 0.0, "avg_logprob": -0.600637031323982, "compression_ratio": 1.4782608695652173, "no_speech_prob": 0.009431692771613598}, {"id": 1, "seek": 0, "start": 6.7, "end": 12.8, "text": " non va su fri liberaus, un post invece su skin creator con magari uno scrivisce o to cos\u00ec", "tokens": [50699, 2107, 2773, 459, 431, 72, 6774, 64, 301, 11, 517, 2183, 36344, 459, 3178, 14181, 416, 49932, 8526, 5545, 85, 49596, 277, 281, 23278, 51004], "temperature": 0.0, "avg_logprob": -0.600637031323982, "compression_ratio": 1.4782608695652173, "no_speech_prob": 0.009431692771613598}, {"id": 2, "seek": 0, "start": 12.8, "end": 14.8, "text": " con un link, va suonde.", "tokens": [51004, 416, 517, 2113, 11, 2773, 459, 7259, 13, 51104], "temperature": 0.0, "avg_logprob": -0.600637031323982, "compression_ratio": 1.4782608695652173, "no_speech_prob": 0.009431692771613598}], "language": "it"}