{
  "start_time": 1770187852.811481,
  "challenges_completed": 0,
  "total_tokens_in": 0,
  "total_tokens_out": 0,
  "actions_taken": 0,
  "errors": 0,
  "challenge_times": [],
  "total_time": 4.062861919403076,
  "timestamp": "2026-02-03T22:50:56.874470"
}